{
  "logic_type": "st_mr_1to5",
  "initial_cash": 10000.0,
  "final_equity": 11472.543650239382,
  "total_return": 0.14725436502393818,
  "max_drawdown": -0.039197569799592435,
  "sharpe_ratio": 1.0276512969313996,
  "trade_count": 149,
  "win_rate": 0.5167785234899329,
  "avg_pnl": 9.882843290197126
}